<?xml version="1.0" encoding="UTF-8"?>
<beans:beans xmlns="http://www.springframework.org/schema/security"
	xmlns:xsi="http://www.w3.org/2001/XMLSchema-instance" xmlns:beans="http://www.springframework.org/schema/beans"
	xmlns:sec="http://www.springframework.org/schema/security"
	xmlns:context="http://www.springframework.org/schema/context"
	xsi:schemaLocation="
      http://www.springframework.org/schema/security
      http://www.springframework.org/schema/security/spring-security-4.0.xsd
      http://www.springframework.org/schema/beans
      http://www.springframework.org/schema/beans/spring-beans-4.0.xsd
      http://www.springframework.org/schema/context
	  http://www.springframework.org/schema/context/spring-context-4.0.xsd">

	<sec:http entry-point-ref="customEntryPoint" use-expressions="true">

		<sec:custom-filter ref="authenticationFilter"
			before="PRE_AUTH_FILTER" />

		<sec:intercept-url pattern="/**"
			access="hasAuthority('AUTH_USER')" />

		<sec:logout delete-cookies="JSESSIONID" />

		<sec:csrf disabled="true" />
	</sec:http>

	<context:component-scan base-package="com.jcg.examples" />

	<sec:authentication-manager alias="authenticationManager">
		<authentication-provider ref="customAuthenticationProvider" />
	</sec:authentication-manager>

	<context:component-scan base-package="com.jcg.examples" />

	<beans:bean id="authenticationFilter"
		class="org.springframework.security.web.authentication.UsernamePasswordAuthenticationFilter">
		<beans:property name="authenticationManager" ref="authenticationManager" />
		<beans:property name="postOnly" value="false" />
		<beans:property name="authenticationSuccessHandler" ref="customSuccessHandler" />
	</beans:bean>

	<beans:bean id="customSuccessHandler"
		class="com.jcg.examples.authentication.CustomSuccessHandler" />

</beans:beans>